%	процент
%	процента
%	процентов
%	проценту
%	процентом
%	проценте
км	километр
км	километра
км	километров
км	километру
км	километром
км	километре
м	метр
м	метра
м	метров
м	метру
м	метром
м	метре
см	сантиметр
см	сантиметра
см	сантиметров
см	сантиметру
см	сантиметром
см	сантиметре
мм	миллиметр
мм	миллиметра
мм	миллиметров
мм	миллиметру
мм	миллиметром
мм	миллиметре
кг	килограмм
кг	килограмма
кг	килограммов
кг	килограмму
кг	килограммом
кг	килограмме
г	грамм
г	грамма
г	граммов
г	грамму
г	граммом
г	грамме
л	литр
л	литра
л	литров
л	литру
л	литром
л	литре
мл	миллилитр
мл	миллилитра
мл	миллилитров
мл	миллилитру
мл	миллилитром
мл	миллилитре
га	гектар
га	гектара
га	гектаров
га	гектару
га	гектаром
га	гектаре
т	тонна
т	тонны
т	тонн
т	тоннау
т	тоннаом
т	тоннае
км/ч	километр в час
км/ч	километра в час
км/ч	километров в час
км/ч	километр за час
км/ч	километра за час
км/ч	километров за час
м/с	метр в секунду
м/с	метра в секунду
м/с	метров в секунду
°C	градус цельсия
°C	градуса цельсия
°C	градусов цельсия
°C	градус по цельсию
°C	градуса по цельсию
°C	градусов по цельсию
°	градус
°	градуса
°	градусов
КБ	килобайт
КБ	килобайта
КБ	килобайтов
МБ	мегабайт
МБ	мегабайта
МБ	мегабайтов
ГБ	гигабайт
ГБ	гигабайта
ГБ	гигабайтов
кВт	киловатт
кВт	киловатта
кВт·ч	киловатт-час
кВт·ч	киловатт-часа
кВт·ч	киловатт-часов
В	вольт
В	вольта
ккал	килокалория
ккал	килокалории
ккал	килокалорий
с	секунда
с	секунды
с	секунд
с	секунду
м/с	метр за секунду
м/с	метра за секунду
м/с	метров за секунду
ТБ	терабайт
ТБ	терабайта
ТБ	терабайтов
Вт	ватт
Вт	ватта
А	ампер
А	ампера
Гц	герц
Гц	герца
МГц	мегагерц
МГц	мегагерца
ГГц	гигагерц
ГГц	гигагерца
дБ	децибел
дБ	децибела
мг	миллиграмм
мг	миллиграмма
мг	миллиграммов
