10-泄	写械褋褟褌褘泄
10-褟	写械褋褟褌邪褟
10-械	写械褋褟褌芯械
10-械	写械褋褟褌褘械
10-谐芯	写械褋褟褌芯谐芯
10-泄	写械褋褟褌芯泄
10-褏	写械褋褟褌褘褏
10-屑褍	写械褋褟褌芯屑褍
10-屑	写械褋褟褌褘屑
10-屑懈	写械褋褟褌褘屑懈
10-褞	写械褋褟褌褍褞
10-屑	写械褋褟褌芯屑
11-泄	芯写懈薪薪邪写褑邪褌褘泄
11-褟	芯写懈薪薪邪写褑邪褌邪褟
11-械	芯写懈薪薪邪写褑邪褌芯械
11-械	芯写懈薪薪邪写褑邪褌褘械
11-谐芯	芯写懈薪薪邪写褑邪褌芯谐芯
11-泄	芯写懈薪薪邪写褑邪褌芯泄
11-褏	芯写懈薪薪邪写褑邪褌褘褏
11-屑褍	芯写懈薪薪邪写褑邪褌芯屑褍
11-屑	芯写懈薪薪邪写褑邪褌褘屑
11-屑懈	芯写懈薪薪邪写褑邪褌褘屑懈
11-褞	芯写懈薪薪邪写褑邪褌褍褞
11-屑	芯写懈薪薪邪写褑邪褌芯屑
12-泄	写胁械薪邪写褑邪褌褘泄
12-褟	写胁械薪邪写褑邪褌邪褟
12-械	写胁械薪邪写褑邪褌芯械
12-械	写胁械薪邪写褑邪褌褘械
12-谐芯	写胁械薪邪写褑邪褌芯谐芯
12-泄	写胁械薪邪写褑邪褌芯泄
12-褏	写胁械薪邪写褑邪褌褘褏
12-屑褍	写胁械薪邪写褑邪褌芯屑褍
12-屑	写胁械薪邪写褑邪褌褘屑
12-屑懈	写胁械薪邪写褑邪褌褘屑懈
12-褞	写胁械薪邪写褑邪褌褍褞
12-屑	写胁械薪邪写褑邪褌芯屑
13-泄	褌褉懈薪邪写褑邪褌褘泄
13-褟	褌褉懈薪邪写褑邪褌邪褟
13-械	褌褉懈薪邪写褑邪褌芯械
13-械	褌褉懈薪邪写褑邪褌褘械
13-谐芯	褌褉懈薪邪写褑邪褌芯谐芯
13-泄	褌褉懈薪邪写褑邪褌芯泄
13-褏	褌褉懈薪邪写褑邪褌褘褏
13-屑褍	褌褉懈薪邪写褑邪褌芯屑褍
13-屑	褌褉懈薪邪写褑邪褌褘屑
13-屑懈	褌褉懈薪邪写褑邪褌褘屑懈
13-褞	褌褉懈薪邪写褑邪褌褍褞
13-屑	褌褉懈薪邪写褑邪褌芯屑
14-泄	褔械褌褘褉薪邪写褑邪褌褘泄
14-褟	褔械褌褘褉薪邪写褑邪褌邪褟
14-械	褔械褌褘褉薪邪写褑邪褌芯械
14-械	褔械褌褘褉薪邪写褑邪褌褘械
14-谐芯	褔械褌褘褉薪邪写褑邪褌芯谐芯
14-泄	褔械褌褘褉薪邪写褑邪褌芯泄
14-褏	褔械褌褘褉薪邪写褑邪褌褘褏
14-屑褍	褔械褌褘褉薪邪写褑邪褌芯屑褍
14-屑	褔械褌褘褉薪邪写褑邪褌褘屑
14-屑懈	褔械褌褘褉薪邪写褑邪褌褘屑懈
14-褞	褔械褌褘褉薪邪写褑邪褌褍褞
14-屑	褔械褌褘褉薪邪写褑邪褌芯屑
15-泄	锌褟褌薪邪写褑邪褌褘泄
15-褟	锌褟褌薪邪写褑邪褌邪褟
15-械	锌褟褌薪邪写褑邪褌芯械
15-械	锌褟褌薪邪写褑邪褌褘械
15-谐芯	锌褟褌薪邪写褑邪褌芯谐芯
15-泄	锌褟褌薪邪写褑邪褌芯泄
15-褏	锌褟褌薪邪写褑邪褌褘褏
15-屑褍	锌褟褌薪邪写褑邪褌芯屑褍
15-屑	锌褟褌薪邪写褑邪褌褘屑
15-屑懈	锌褟褌薪邪写褑邪褌褘屑懈
15-褞	锌褟褌薪邪写褑邪褌褍褞
15-屑	锌褟褌薪邪写褑邪褌芯屑
16-泄	褕械褋褌薪邪写褑邪褌褘泄
16-褟	褕械褋褌薪邪写褑邪褌邪褟
16-械	褕械褋褌薪邪写褑邪褌芯械
16-械	褕械褋褌薪邪写褑邪褌褘械
16-谐芯	褕械褋褌薪邪写褑邪褌芯谐芯
16-泄	褕械褋褌薪邪写褑邪褌芯泄
16-褏	褕械褋褌薪邪写褑邪褌褘褏
16-屑褍	褕械褋褌薪邪写褑邪褌芯屑褍
16-屑	褕械褋褌薪邪写褑邪褌褘屑
16-屑懈	褕械褋褌薪邪写褑邪褌褘屑懈
16-褞	褕械褋褌薪邪写褑邪褌褍褞
16-屑	褕械褋褌薪邪写褑邪褌芯屑
17-泄	褋械屑薪邪写褑邪褌褘泄
17-褟	褋械屑薪邪写褑邪褌邪褟
17-械	褋械屑薪邪写褑邪褌芯械
17-械	褋械屑薪邪写褑邪褌褘械
17-谐芯	褋械屑薪邪写褑邪褌芯谐芯
17-泄	褋械屑薪邪写褑邪褌芯泄
17-褏	褋械屑薪邪写褑邪褌褘褏
17-屑褍	褋械屑薪邪写褑邪褌芯屑褍
17-屑	褋械屑薪邪写褑邪褌褘屑
17-屑懈	褋械屑薪邪写褑邪褌褘屑懈
17-褞	褋械屑薪邪写褑邪褌褍褞
17-屑	褋械屑薪邪写褑邪褌芯屑
18-泄	胁芯褋械屑薪邪写褑邪褌褘泄
18-褟	胁芯褋械屑薪邪写褑邪褌邪褟
18-械	胁芯褋械屑薪邪写褑邪褌芯械
18-械	胁芯褋械屑薪邪写褑邪褌褘械
18-谐芯	胁芯褋械屑薪邪写褑邪褌芯谐芯
18-泄	胁芯褋械屑薪邪写褑邪褌芯泄
18-褏	胁芯褋械屑薪邪写褑邪褌褘褏
18-屑褍	胁芯褋械屑薪邪写褑邪褌芯屑褍
18-屑	胁芯褋械屑薪邪写褑邪褌褘屑
18-屑懈	胁芯褋械屑薪邪写褑邪褌褘屑懈
18-褞	胁芯褋械屑薪邪写褑邪褌褍褞
18-屑	胁芯褋械屑薪邪写褑邪褌芯屑
19-泄	写械胁褟褌薪邪写褑邪褌褘泄
19-褟	写械胁褟褌薪邪写褑邪褌邪褟
19-械	写械胁褟褌薪邪写褑邪褌芯械
19-械	写械胁褟褌薪邪写褑邪褌褘械
19-谐芯	写械胁褟褌薪邪写褑邪褌芯谐芯
19-泄	写械胁褟褌薪邪写褑邪褌芯泄
19-褏	写械胁褟褌薪邪写褑邪褌褘褏
19-屑褍	写械胁褟褌薪邪写褑邪褌芯屑褍
19-屑	写械胁褟褌薪邪写褑邪褌褘屑
19-屑懈	写械胁褟褌薪邪写褑邪褌褘屑懈
19-褞	写械胁褟褌薪邪写褑邪褌褍褞
19-屑	写械胁褟褌薪邪写褑邪褌芯屑
