20-泄	写胁邪写褑邪褌褘泄
20-褟	写胁邪写褑邪褌邪褟
20-械	写胁邪写褑邪褌芯械
20-械	写胁邪写褑邪褌褘械
20-谐芯	写胁邪写褑邪褌芯谐芯
20-泄	写胁邪写褑邪褌芯泄
20-褏	写胁邪写褑邪褌褘褏
20-屑褍	写胁邪写褑邪褌芯屑褍
20-屑	写胁邪写褑邪褌褘屑
20-屑懈	写胁邪写褑邪褌褘屑懈
20-褞	写胁邪写褑邪褌褍褞
20-屑	写胁邪写褑邪褌芯屑
30-泄	褌褉懈写褑邪褌褘泄
30-褟	褌褉懈写褑邪褌邪褟
30-械	褌褉懈写褑邪褌芯械
30-械	褌褉懈写褑邪褌褘械
30-谐芯	褌褉懈写褑邪褌芯谐芯
30-泄	褌褉懈写褑邪褌芯泄
30-褏	褌褉懈写褑邪褌褘褏
30-屑褍	褌褉懈写褑邪褌芯屑褍
30-屑	褌褉懈写褑邪褌褘屑
30-屑懈	褌褉懈写褑邪褌褘屑懈
30-褞	褌褉懈写褑邪褌褍褞
30-屑	褌褉懈写褑邪褌芯屑
40-泄	褋芯褉芯泻芯胁褘泄
40-褟	褋芯褉芯泻芯胁邪褟
40-械	褋芯褉芯泻芯胁芯械
40-械	褋芯褉芯泻芯胁褘械
40-谐芯	褋芯褉芯泻芯胁芯谐芯
40-泄	褋芯褉芯泻芯胁芯泄
40-褏	褋芯褉芯泻芯胁褘褏
40-屑褍	褋芯褉芯泻芯胁芯屑褍
40-屑	褋芯褉芯泻芯胁褘屑
40-屑懈	褋芯褉芯泻芯胁褘屑懈
40-褞	褋芯褉芯泻芯胁褍褞
40-屑	褋芯褉芯泻芯胁芯屑
50-泄	锌褟褌懈写械褋褟褌褘泄
50-褟	锌褟褌懈写械褋褟褌邪褟
50-械	锌褟褌懈写械褋褟褌芯械
50-械	锌褟褌懈写械褋褟褌褘械
50-谐芯	锌褟褌懈写械褋褟褌芯谐芯
50-泄	锌褟褌懈写械褋褟褌芯泄
50-褏	锌褟褌懈写械褋褟褌褘褏
50-屑褍	锌褟褌懈写械褋褟褌芯屑褍
50-屑	锌褟褌懈写械褋褟褌褘屑
50-屑懈	锌褟褌懈写械褋褟褌褘屑懈
50-褞	锌褟褌懈写械褋褟褌褍褞
50-屑	锌褟褌懈写械褋褟褌芯屑
60-泄	褕械褋褌懈写械褋褟褌褘泄
60-褟	褕械褋褌懈写械褋褟褌邪褟
60-械	褕械褋褌懈写械褋褟褌芯械
60-械	褕械褋褌懈写械褋褟褌褘械
60-谐芯	褕械褋褌懈写械褋褟褌芯谐芯
60-泄	褕械褋褌懈写械褋褟褌芯泄
60-褏	褕械褋褌懈写械褋褟褌褘褏
60-屑褍	褕械褋褌懈写械褋褟褌芯屑褍
60-屑	褕械褋褌懈写械褋褟褌褘屑
60-屑懈	褕械褋褌懈写械褋褟褌褘屑懈
60-褞	褕械褋褌懈写械褋褟褌褍褞
60-屑	褕械褋褌懈写械褋褟褌芯屑
70-泄	褋械屑懈写械褋褟褌褘泄
70-褟	褋械屑懈写械褋褟褌邪褟
70-械	褋械屑懈写械褋褟褌芯械
70-械	褋械屑懈写械褋褟褌褘械
70-谐芯	褋械屑懈写械褋褟褌芯谐芯
70-泄	褋械屑懈写械褋褟褌芯泄
70-褏	褋械屑懈写械褋褟褌褘褏
70-屑褍	褋械屑懈写械褋褟褌芯屑褍
70-屑	褋械屑懈写械褋褟褌褘屑
70-屑懈	褋械屑懈写械褋褟褌褘屑懈
70-褞	褋械屑懈写械褋褟褌褍褞
70-屑	褋械屑懈写械褋褟褌芯屑
80-泄	胁芯褋褜屑懈写械褋褟褌褘泄
80-褟	胁芯褋褜屑懈写械褋褟褌邪褟
80-械	胁芯褋褜屑懈写械褋褟褌芯械
80-械	胁芯褋褜屑懈写械褋褟褌褘械
80-谐芯	胁芯褋褜屑懈写械褋褟褌芯谐芯
80-泄	胁芯褋褜屑懈写械褋褟褌芯泄
80-褏	胁芯褋褜屑懈写械褋褟褌褘褏
80-屑褍	胁芯褋褜屑懈写械褋褟褌芯屑褍
80-屑	胁芯褋褜屑懈写械褋褟褌褘屑
80-屑懈	胁芯褋褜屑懈写械褋褟褌褘屑懈
80-褞	胁芯褋褜屑懈写械褋褟褌褍褞
80-屑	胁芯褋褜屑懈写械褋褟褌芯屑
90-泄	写械胁褟薪芯褋褌褘泄
90-褟	写械胁褟薪芯褋褌邪褟
90-械	写械胁褟薪芯褋褌芯械
90-械	写械胁褟薪芯褋褌褘械
90-谐芯	写械胁褟薪芯褋褌芯谐芯
90-泄	写械胁褟薪芯褋褌芯泄
90-褏	写械胁褟薪芯褋褌褘褏
90-屑褍	写械胁褟薪芯褋褌芯屑褍
90-屑	写械胁褟薪芯褋褌褘屑
90-屑懈	写械胁褟薪芯褋褌褘屑懈
90-褞	写械胁褟薪芯褋褌褍褞
90-屑	写械胁褟薪芯褋褌芯屑
