1-泄	锌械褉胁褘泄
1-褟	锌械褉胁邪褟
1-械	锌械褉胁芯械
1-械	锌械褉胁褘械
1-谐芯	锌械褉胁芯谐芯
1-泄	锌械褉胁芯泄
1-褏	锌械褉胁褘褏
1-屑褍	锌械褉胁芯屑褍
1-屑	锌械褉胁褘屑
1-屑懈	锌械褉胁褘屑懈
1-褞	锌械褉胁褍褞
1-屑	锌械褉胁芯屑
2-泄	胁褌芯褉芯泄
2-褟	胁褌芯褉邪褟
2-械	胁褌芯褉芯械
2-械	胁褌芯褉褘械
2-谐芯	胁褌芯褉芯谐芯
2-褏	胁褌芯褉褘褏
2-屑褍	胁褌芯褉芯屑褍
2-屑	胁褌芯褉褘屑
2-屑懈	胁褌芯褉褘屑懈
2-褞	胁褌芯褉褍褞
2-屑	胁褌芯褉芯屑
3-泄	褌褉械褌懈泄
3-褟	褌褉械褌褜褟
3-械	褌褉械褌褜械
3-械	褌褉械褌褜懈
3-谐芯	褌褉械褌褜械谐芯
3-泄	褌褉械褌褜械泄
3-褏	褌褉械褌褜懈褏
3-屑褍	褌褉械褌褜械屑褍
3-屑	褌褉械褌褜懈屑
3-屑懈	褌褉械褌褜懈屑懈
3-褞	褌褉械褌褜褞
3-屑	褌褉械褌褜械屑
4-泄	褔械褌胁械褉褌褘泄
4-褟	褔械褌胁械褉褌邪褟
4-械	褔械褌胁械褉褌芯械
4-械	褔械褌胁械褉褌褘械
4-谐芯	褔械褌胁械褉褌芯谐芯
4-泄	褔械褌胁械褉褌芯泄
4-褏	褔械褌胁械褉褌褘褏
4-屑褍	褔械褌胁械褉褌芯屑褍
4-屑	褔械褌胁械褉褌褘屑
4-屑懈	褔械褌胁械褉褌褘屑懈
4-褞	褔械褌胁械褉褌褍褞
4-屑	褔械褌胁械褉褌芯屑
5-泄	锌褟褌褘泄
5-褟	锌褟褌邪褟
5-械	锌褟褌芯械
5-械	锌褟褌褘械
5-谐芯	锌褟褌芯谐芯
5-泄	锌褟褌芯泄
5-褏	锌褟褌褘褏
5-屑褍	锌褟褌芯屑褍
5-屑	锌褟褌褘屑
5-屑懈	锌褟褌褘屑懈
5-褞	锌褟褌褍褞
5-屑	锌褟褌芯屑
6-泄	褕械褋褌褘泄
6-褟	褕械褋褌邪褟
6-械	褕械褋褌芯械
6-械	褕械褋褌褘械
6-谐芯	褕械褋褌芯谐芯
6-泄	褕械褋褌芯泄
6-褏	褕械褋褌褘褏
6-屑褍	褕械褋褌芯屑褍
6-屑	褕械褋褌褘屑
6-屑懈	褕械褋褌褘屑懈
6-褞	褕械褋褌褍褞
6-屑	褕械褋褌芯屑
7-泄	褋械写褜屑褘泄
7-褟	褋械写褜屑邪褟
7-械	褋械写褜屑芯械
7-械	褋械写褜屑褘械
7-谐芯	褋械写褜屑芯谐芯
7-泄	褋械写褜屑芯泄
7-褏	褋械写褜屑褘褏
7-屑褍	褋械写褜屑芯屑褍
7-屑	褋械写褜屑褘屑
7-屑懈	褋械写褜屑褘屑懈
7-褞	褋械写褜屑褍褞
7-屑	褋械写褜屑芯屑
8-泄	胁芯褋褜屑褘泄
8-褟	胁芯褋褜屑邪褟
8-械	胁芯褋褜屑芯械
8-械	胁芯褋褜屑褘械
8-谐芯	胁芯褋褜屑芯谐芯
8-泄	胁芯褋褜屑芯泄
8-褏	胁芯褋褜屑褘褏
8-屑褍	胁芯褋褜屑芯屑褍
8-屑	胁芯褋褜屑褘屑
8-屑懈	胁芯褋褜屑褘屑懈
8-褞	胁芯褋褜屑褍褞
8-屑	胁芯褋褜屑芯屑
9-泄	写械胁褟褌褘泄
9-褟	写械胁褟褌邪褟
9-械	写械胁褟褌芯械
9-械	写械胁褟褌褘械
9-谐芯	写械胁褟褌芯谐芯
9-泄	写械胁褟褌芯泄
9-褏	写械胁褟褌褘褏
9-屑褍	写械胁褟褌芯屑褍
9-屑	写械胁褟褌褘屑
9-屑懈	写械胁褟褌褘屑懈
9-褞	写械胁褟褌褍褞
9-屑	写械胁褟褌芯屑
