100-泄	褋芯褌褘泄
100-褟	褋芯褌邪褟
100-械	褋芯褌芯械
100-械	褋芯褌褘械
100-谐芯	褋芯褌芯谐芯
100-泄	褋芯褌芯泄
100-褏	褋芯褌褘褏
100-屑褍	褋芯褌芯屑褍
100-屑	褋芯褌褘屑
100-屑懈	褋芯褌褘屑懈
100-褞	褋芯褌褍褞
100-屑	褋芯褌芯屑
200-泄	写胁褍褏褋芯褌褘泄
200-褟	写胁褍褏褋芯褌邪褟
200-械	写胁褍褏褋芯褌芯械
200-械	写胁褍褏褋芯褌褘械
200-谐芯	写胁褍褏褋芯褌芯谐芯
200-泄	写胁褍褏褋芯褌芯泄
200-褏	写胁褍褏褋芯褌褘褏
200-屑褍	写胁褍褏褋芯褌芯屑褍
200-屑	写胁褍褏褋芯褌褘屑
200-屑懈	写胁褍褏褋芯褌褘屑懈
200-褞	写胁褍褏褋芯褌褍褞
200-屑	写胁褍褏褋芯褌芯屑
300-泄	褌褉褢褏褋芯褌褘泄
300-泄	褌褉械褏褋芯褌褘泄
300-褟	褌褉褢褏褋芯褌邪褟
300-褟	褌褉械褏褋芯褌邪褟
300-械	褌褉褢褏褋芯褌芯械
300-械	褌褉械褏褋芯褌芯械
300-械	褌褉褢褏褋芯褌褘械
300-械	褌褉械褏褋芯褌褘械
300-谐芯	褌褉褢褏褋芯褌芯谐芯
300-谐芯	褌褉械褏褋芯褌芯谐芯
300-泄	褌褉褢褏褋芯褌芯泄
300-泄	褌褉械褏褋芯褌芯泄
300-褏	褌褉褢褏褋芯褌褘褏
300-褏	褌褉械褏褋芯褌褘褏
300-屑褍	褌褉褢褏褋芯褌芯屑褍
300-屑褍	褌褉械褏褋芯褌芯屑褍
300-屑	褌褉褢褏褋芯褌褘屑
300-屑	褌褉械褏褋芯褌褘屑
300-屑懈	褌褉褢褏褋芯褌褘屑懈
300-屑懈	褌褉械褏褋芯褌褘屑懈
300-褞	褌褉褢褏褋芯褌褍褞
300-褞	褌褉械褏褋芯褌褍褞
300-屑	褌褉褢褏褋芯褌芯屑
300-屑	褌褉械褏褋芯褌芯屑
400-泄	褔械褌褘褉褢褏褋芯褌褘泄
400-泄	褔械褌褘褉械褏褋芯褌褘泄
400-褟	褔械褌褘褉褢褏褋芯褌邪褟
400-褟	褔械褌褘褉械褏褋芯褌邪褟
400-械	褔械褌褘褉褢褏褋芯褌芯械
400-械	褔械褌褘褉械褏褋芯褌芯械
400-械	褔械褌褘褉褢褏褋芯褌褘械
400-械	褔械褌褘褉械褏褋芯褌褘械
400-谐芯	褔械褌褘褉褢褏褋芯褌芯谐芯
400-谐芯	褔械褌褘褉械褏褋芯褌芯谐芯
400-泄	褔械褌褘褉褢褏褋芯褌芯泄
400-泄	褔械褌褘褉械褏褋芯褌芯泄
400-褏	褔械褌褘褉褢褏褋芯褌褘褏
400-褏	褔械褌褘褉械褏褋芯褌褘褏
400-屑褍	褔械褌褘褉褢褏褋芯褌芯屑褍
400-屑褍	褔械褌褘褉械褏褋芯褌芯屑褍
400-屑	褔械褌褘褉褢褏褋芯褌褘屑
400-屑	褔械褌褘褉械褏褋芯褌褘屑
400-屑懈	褔械褌褘褉褢褏褋芯褌褘屑懈
400-屑懈	褔械褌褘褉械褏褋芯褌褘屑懈
400-褞	褔械褌褘褉褢褏褋芯褌褍褞
400-褞	褔械褌褘褉械褏褋芯褌褍褞
400-屑	褔械褌褘褉褢褏褋芯褌芯屑
400-屑	褔械褌褘褉械褏褋芯褌芯屑
500-泄	锌褟褌懈褋芯褌褘泄
500-褟	锌褟褌懈褋芯褌邪褟
500-械	锌褟褌懈褋芯褌芯械
500-械	锌褟褌懈褋芯褌褘械
500-谐芯	锌褟褌懈褋芯褌芯谐芯
500-泄	锌褟褌懈褋芯褌芯泄
500-褏	锌褟褌懈褋芯褌褘褏
500-屑褍	锌褟褌懈褋芯褌芯屑褍
500-屑	锌褟褌懈褋芯褌褘屑
500-屑懈	锌褟褌懈褋芯褌褘屑懈
500-褞	锌褟褌懈褋芯褌褍褞
500-屑	锌褟褌懈褋芯褌芯屑
600-泄	褕械褋褌懈褋芯褌褘泄
600-褟	褕械褋褌懈褋芯褌邪褟
600-械	褕械褋褌懈褋芯褌芯械
600-械	褕械褋褌懈褋芯褌褘械
600-谐芯	褕械褋褌懈褋芯褌芯谐芯
600-泄	褕械褋褌懈褋芯褌芯泄
600-褏	褕械褋褌懈褋芯褌褘褏
600-屑褍	褕械褋褌懈褋芯褌芯屑褍
600-屑	褕械褋褌懈褋芯褌褘屑
600-屑懈	褕械褋褌懈褋芯褌褘屑懈
600-褞	褕械褋褌懈褋芯褌褍褞
600-屑	褕械褋褌懈褋芯褌芯屑
700-泄	褋械屑懈褋芯褌褘泄
700-褟	褋械屑懈褋芯褌邪褟
700-械	褋械屑懈褋芯褌芯械
700-械	褋械屑懈褋芯褌褘械
700-谐芯	褋械屑懈褋芯褌芯谐芯
700-泄	褋械屑懈褋芯褌芯泄
700-褏	褋械屑懈褋芯褌褘褏
700-屑褍	褋械屑懈褋芯褌芯屑褍
700-屑	褋械屑懈褋芯褌褘屑
700-屑懈	褋械屑懈褋芯褌褘屑懈
700-褞	褋械屑懈褋芯褌褍褞
700-屑	褋械屑懈褋芯褌芯屑
800-泄	胁芯褋褜屑懈褋芯褌褘泄
800-褟	胁芯褋褜屑懈褋芯褌邪褟
800-械	胁芯褋褜屑懈褋芯褌芯械
800-械	胁芯褋褜屑懈褋芯褌褘械
800-谐芯	胁芯褋褜屑懈褋芯褌芯谐芯
800-泄	胁芯褋褜屑懈褋芯褌芯泄
800-褏	胁芯褋褜屑懈褋芯褌褘褏
800-屑褍	胁芯褋褜屑懈褋芯褌芯屑褍
800-屑	胁芯褋褜屑懈褋芯褌褘屑
800-屑懈	胁芯褋褜屑懈褋芯褌褘屑懈
800-褞	胁芯褋褜屑懈褋芯褌褍褞
800-屑	胁芯褋褜屑懈褋芯褌芯屑
900-泄	写械胁褟褌懈褋芯褌褘泄
900-褟	写械胁褟褌懈褋芯褌邪褟
900-械	写械胁褟褌懈褋芯褌芯械
900-械	写械胁褟褌懈褋芯褌褘械
900-谐芯	写械胁褟褌懈褋芯褌芯谐芯
900-泄	写械胁褟褌懈褋芯褌芯泄
900-褏	写械胁褟褌懈褋芯褌褘褏
900-屑褍	写械胁褟褌懈褋芯褌芯屑褍
900-屑	写械胁褟褌懈褋芯褌褘屑
900-屑懈	写械胁褟褌懈褋芯褌褘屑懈
900-褞	写械胁褟褌懈褋芯褌褍褞
900-屑	写械胁褟褌懈褋芯褌芯屑
